metric,spearman_rho
degree,0.9999999999999999
strength,0.9999999999999999
betweenness,0.9999999999999999
cf_closeness,0.564932682866032
eigenvector,0.5238227218271837
