metric,spearman_rho
degree,0.8511922825582904
strength,0.8511922825582904
betweenness,0.8511922825582904
cf_closeness,0.8424180018226072
eigenvector,0.7605029782152164
