metric,spearman_rho
betweenness,0.9968895725584538
eigenvector,0.9908114437536393
cf_closeness,0.9878044218151566
degree,0.7049073768502414
strength,0.7049073768502414
