node,degree,strength,betweenness,eigenvector,cf_closeness,Kbar
1,3.0,2.9999999969999998,0.0,0.4999999999999999,0.666666666,0.5000000005000002
2,3.0,2.9999999969999998,0.0,0.5,0.6666666659999998,0.5000000005000002
3,3.0,2.9999999969999998,0.0,0.5,0.6666666659999999,0.5000000005000002
4,3.0,2.9999999969999998,0.0,0.5000000000000001,0.6666666659999998,0.5000000005000002
