node,degree,strength,betweenness,eigenvector,cf_closeness,Kbar,delta_conn_pairs,delta_eff,delta_aspl
1,3.0,2.9999999969999998,0.0,0.4999999999999999,0.666666666,0.5000000005000002,0.0,0.0,0.0
2,3.0,2.9999999969999998,0.0,0.5,0.6666666659999998,0.5000000005000002,0.0,0.0,0.0
3,3.0,2.9999999969999998,0.0,0.5,0.6666666659999999,0.5000000005000002,0.0,0.0,0.0
4,3.0,2.9999999969999998,0.0,0.5000000000000001,0.6666666659999998,0.5000000005000002,0.0,0.0,0.0
