node,degree,strength,betweenness,eigenvector,cf_closeness,Kbar
A,2.0,1.9999999979999998,0.0,0.3535533905932737,0.13043478247826057,1.400000001400003
B,2.0,1.9999999979999998,0.0,0.3535533905932736,0.13043478247826068,1.400000001400003
C,3.0,2.9999999969999998,0.6000000000000001,0.5,0.17647058805882315,1.400000001400003
D,3.0,2.9999999969999998,0.6000000000000001,0.5000000000000001,0.17647058805882315,1.400000001400003
E,2.0,1.9999999979999998,0.0,0.353553390593274,0.13043478247826068,1.400000001400003
F,2.0,1.9999999979999998,0.0,0.3535533905932739,0.13043478247826068,1.400000001400003
