metric,spearman_rho
strength,0.8462322746982305
cf_closeness,0.8458390037539363
eigenvector,0.7963318879643736
betweenness,0.7142926871588162
degree,-0.014227868593659865
